WellIndex,Por,LogPerm,AI,Brittle,TOC,VR,Production
438,17.2,1.47,3.21,VeryLowRange,1.93,2.21,9.854246707
708,14.06,1.06,2.53,VeryLowRange,0.41,1.03,15.47356176
56,11.8,1.16,3.43,HighRange,0.25,1.9,23.27379484
20,13.29,1.15,3.04,HighRange,0.3,1.94,28.42357329
592,9.57,1.32,3.34,HighRange,-0.1,1.59,34.98786927
657,9.9,1.09,3.74,HighRange,0.19,2.31,36.81330718
188,8.8,0.95,3.67,HighRange,0.36,2.28,44.86173807
513,10.25,0.89,4.2,HighRange,0.73,2.9,50.79013757
155,6.48,0.39,3.68,HighRange,-0.14,1.87,75.21518841
741,12.24,0.75,2.24,HighRange,0.96,1.74,86.33067385
260,10.3,0.5,3.78,VeryLowRange,0.48,2.1,92.92396953
214,9.66,0.96,3.49,HighRange,0.36,2.09,95.73161459
893,10.69,0.98,3.49,HighRange,0.39,1.97,99.83486495
228,13.44,1.2,2.98,HighRange,0.84,2.32,107.1789675
121,13.73,1.01,4.37,HighRange,0.52,2.69,113.6731695
804,17.52,1.52,3.18,VeryLowRange,1.51,1.9,131.786515
506,18.16,2.17,2.83,HighRange,2.01,2.7,132.1736257
685,10.27,0.83,3.83,HighRange,0.75,2.62,135.439622
822,12.62,0.87,2.38,VeryLowRange,1,1.48,137.1866863
716,14.21,1.33,2.84,HighRange,0.86,2.27,138.4467572
487,16.52,1.45,2.61,HighRange,0.9,2.1,141.0821216
469,13.47,1.18,2.99,HighRange,1.19,2.17,148.5223414
934,12.83,0.99,3.67,VeryLowRange,0.61,2.01,174.1636823
1,15.91,1.67,3.06,VeryLowRange,1.36,1.85,177.381958
371,12.64,1.15,3.42,VeryLowRange,1.06,2.02,180.3642312
695,9.24,1.28,4.52,VeryLowRange,0.86,2.58,180.9656452
644,21.35,1.7,1.8,VeryLowRange,2.03,1.91,181.6980445
774,12.31,1.29,2.95,HighRange,0.48,2.21,182.5827247
370,9.7,0.32,3.33,VeryLowRange,0.9,1.96,185.5056428
148,9.81,0.26,3.59,HighRange,0.8,2.59,187.5932287
281,10.63,1.46,3.14,VeryLowRange,-0.09,1.28,200.0112283
800,12.08,1.07,2.8,HighRange,1.16,2.31,200.0631795
48,15.1,1.46,3.32,HighRange,0.97,2.22,203.1434107
613,11.38,1.49,4.13,HighRange,0.4,2.24,204.4360296
570,13.51,0.77,2.79,HighRange,1.04,2.31,206.6912072
456,13.23,0.89,2.89,HighRange,0.71,1.85,214.2968986
278,5.4,0.64,4.45,HighRange,-0.26,2.08,216.6025466
217,9.78,0.57,3.72,HighRange,0.16,2.31,226.8756334
251,6.68,0.24,3.93,VeryLowRange,0.7,2.14,228.4217017
172,16.3,1.19,2.12,HighRange,1.94,2.55,240.4175328
532,12.94,0.91,2.21,VeryLowRange,1.35,1.47,253.7420032
62,12.38,0.79,3.96,HighRange,0.19,2.27,271.5543005
441,13.67,1.3,3.09,HighRange,1.19,2.2,277.31906
661,14.88,1.33,3.05,HighRange,0.41,1.79,282.0995965
493,15.72,1.87,3,VeryLowRange,1.06,1.82,283.9539159
103,9.87,1.17,3.41,HighRange,0.38,2.08,296.5137108
775,12.68,1.76,3.11,HighRange,0.48,1.91,310.1048096
307,11.58,0.99,3.74,HighRange,0.89,2.6,310.6441531
384,13.45,1.31,1.74,HighRange,1.22,1.82,319.3486444
555,8.23,0.46,3.38,HighRange,0.23,2,323.6336509
454,7.81,0.83,3.83,HighRange,0.07,2.26,329.3373766
340,21.01,2.12,3.05,VeryLowRange,1.94,2.08,331.1917235
193,10.04,0.74,3.17,HighRange,0.98,2.09,335.5072968
530,16.95,1.9,2.52,VeryLowRange,1.23,1.58,346.6257813
159,10.51,1.27,3.48,HighRange,0.28,1.92,349.2156477
567,18.36,2.02,2.44,HighRange,0.84,1.98,351.0545567
954,15.42,1.4,2.8,VeryLowRange,1.5,1.93,352.6590755
752,12.96,0.97,3.85,HighRange,0.9,2.65,376.9012593
415,13.03,1.09,2.15,HighRange,0.56,1.63,397.3768297
396,10.92,1.43,3.39,HighRange,0.5,1.81,399.9687918
847,11.85,1.24,3.26,VeryLowRange,0.08,1.38,400.3003704
679,14.84,1.46,3.18,VeryLowRange,1.55,2.24,404.4793749
406,12.03,0.82,2.96,HighRange,1.04,2.31,405.2857224
680,13.76,1.27,3.34,HighRange,0.14,2.11,417.038603
96,13.45,1.35,3.37,HighRange,0.46,2.03,418.7773612
641,15.06,1.45,3.42,HighRange,0.77,2.36,421.8353668
591,10.48,0.75,3.22,HighRange,0.33,2.1,427.7566142
478,17.17,1.46,2.18,VeryLowRange,1.48,1.92,432.7746903
288,9.74,1,4.09,HighRange,-0.21,2.01,435.6692543
949,14.63,1.96,3.02,VeryLowRange,1.26,1.79,441.3944238
650,14.02,1.16,3.43,HighRange,0.63,2.32,457.8305006
397,18.32,1.85,2.6,VeryLowRange,1.63,1.84,460.0337542
721,14.78,1.28,2.77,VeryLowRange,1.04,1.71,460.1922336
326,10.78,1.42,4.09,HighRange,0.25,2.09,463.4529962
976,14.49,1.58,3,VeryLowRange,1.08,1.99,484.5175293
324,11.59,0.97,3.39,VeryLowRange,0.95,2.19,484.8913752
93,14.17,1.62,2.33,HighRange,0.94,2,489.2412341
647,18.86,1.5,2.18,VeryLowRange,1.56,1.81,504.957481
433,15.41,1.64,3.33,HighRange,0.96,2.51,506.6965083
16,9.23,0.81,2.85,HighRange,0.69,1.87,511.6087695
711,16.79,1.57,2.82,VeryLowRange,1.18,1.83,517.0209308
929,17.21,1.53,2.79,VeryLowRange,1.52,1.93,536.3312909
903,18.9,1.52,2.65,VeryLowRange,1.06,1.54,536.3979869
835,11.98,1.3,3.17,VeryLowRange,0.54,1.69,547.3130211
18,10.24,0.88,2.96,VeryLowRange,0.43,1.48,555.8489343
91,17.41,1.28,2.9,VeryLowRange,1.43,2.12,562.7536605
635,8.75,0.73,3.96,HighRange,0.03,2.12,569.2381477
979,7.22,0.35,3.6,HighRange,-0.03,1.67,579.6243701
924,23.55,2.11,1.28,VeryLowRange,2.18,1.24,585.5575108
601,16.1,1.1,2.39,VeryLowRange,0.69,1.4,588.1879327
393,19.35,1.62,2.11,VeryLowRange,1.88,1.74,604.5408267
910,14.95,1.19,2.69,HighRange,0.58,1.8,608.5049452
35,12.77,1.62,2.77,VeryLowRange,1.73,2.01,617.0719968
843,11.09,0.94,3.16,VeryLowRange,0.83,1.96,623.7384181
220,20.83,2.19,2.57,HighRange,1.96,2.43,625.4011115
768,12.65,1.55,2.77,VeryLowRange,1.1,1.74,625.4879
551,16.6,1.4,2.09,VeryLowRange,1.05,1.27,625.8124584
432,11.54,0.58,4.35,HighRange,0.07,2.49,627.8431141
707,16.99,1.96,2.86,VeryLowRange,0.88,1.63,633.2486035
727,5.79,0.76,4.06,MidRange,-0.2,1.9,635.2274416
702,13.48,1.03,2.48,VeryLowRange,1.1,1.47,637.1935933
970,11.91,1.69,3.83,VeryLowRange,0.38,1.78,650.1988476
181,14.18,1.18,3.27,HighRange,0.89,2.14,656.7312917
222,14.27,1.63,3.11,HighRange,0.65,1.98,661.2821043
428,13.36,1.27,3.13,VeryLowRange,0.77,1.75,666.0859272
459,16.56,1.64,3.67,VeryLowRange,1.04,1.91,666.4281587
199,14.69,1.36,2.24,VeryLowRange,0.68,1.25,667.1649929
50,14.39,1.18,3.04,VeryLowRange,1.45,1.99,679.3660304
950,12.2,1.07,3.36,VeryLowRange,0.82,1.69,681.7715215
344,15.9,1.36,2.99,VeryLowRange,0.48,1.64,695.2904395
197,12.22,1.36,3.09,HighRange,0.86,2.03,695.3550023
124,11.99,1.23,3.86,VeryLowRange,0.33,2.01,699.0347214
554,12.2,1.27,3.72,VeryLowRange,0.77,1.98,700.0350386
669,9.98,0.93,4.11,HighRange,0.17,2.5,703.2805988
993,12.92,1.36,3.68,HighRange,0.11,1.91,705.6635532
991,6.55,0.12,4.13,MidRange,0.28,2.1,714.453061
275,17.49,1.2,2.2,VeryLowRange,1.06,1.37,717.0724475
136,11.47,1.14,3.35,HighRange,0.64,1.97,717.1732553
94,10.88,0.98,3.4,HighRange,0.6,2.01,735.2219765
622,13.35,1.16,2.94,HighRange,0.93,2.39,738.8770402
99,12.26,0.67,2.76,HighRange,0.37,1.78,739.7280834
445,12.07,0.58,3.25,VeryLowRange,1.12,1.95,747.3455333
802,14.02,0.95,4.01,HighRange,0.89,2.72,749.5051435
322,16.05,2.17,3.17,VeryLowRange,0.29,1.56,751.8381761
845,14.71,1.47,2.39,VeryLowRange,0.66,1.15,752.9381575
53,10.66,1.3,3.68,HighRange,1.38,2.52,753.2658793
237,12.59,1.08,3.36,VeryLowRange,0.42,1.68,761.6109414
846,9.29,0.51,2.82,HighRange,0.3,1.6,763.3508789
187,15.47,1.67,2.35,HighRange,0.94,1.74,763.5762415
753,12.01,0.91,2.45,HighRange,0.79,1.78,765.4898682
489,14.15,1.59,3.4,VeryLowRange,0.61,1.8,765.8549669
565,11.49,0.86,3.17,HighRange,0.39,1.96,766.1385455
938,7.77,0.39,2.8,LowRange,0.37,1.43,768.4888126
112,16.55,1.42,2.62,HighRange,1.15,2,774.582415
139,9.2,0.85,3.65,HighRange,-0.25,1.79,775.5167498
751,12.89,0.95,2.83,HighRange,0.78,2.03,791.0599209
891,7.38,0.63,2.54,LowRange,0.38,1.28,793.9068762
666,16.76,1.55,2.16,VeryLowRange,1.42,1.48,795.3386937
477,17.09,1.81,2.3,VeryLowRange,0.84,1.27,798.2021671
496,14.39,1.15,3.2,VeryLowRange,1.35,2.21,800.3606115
649,13.45,1.25,2.65,VeryLowRange,1.41,2.05,801.5371357
100,12.85,1.11,4.5,HighRange,0.2,2.54,811.3686826
856,13.67,1.14,2.89,VeryLowRange,0.62,1.73,817.0853649
552,18.56,1.88,3.06,VeryLowRange,1.32,2.12,819.5028793
243,14.64,1.69,2.99,HighRange,0.82,2.1,820.1150495
825,7.27,0.7,3.41,MidRange,-0.04,1.68,831.6158193
287,10.3,1.16,4.09,HighRange,-0.13,1.95,838.5846772
575,13.29,1.26,2.36,HighRange,1.13,1.87,838.8995631
569,14.42,1.13,2.61,HighRange,1.04,2.02,840.7470461
967,12.83,1.27,3.15,VeryLowRange,1.09,2.09,841.7096278
226,13.34,0.83,2.56,VeryLowRange,1.12,1.76,850.6860597
373,12.62,1.26,3.44,HighRange,1.11,2.42,863.8668593
870,10.13,0.87,3.49,HighRange,0.16,1.93,865.274178
828,12.38,0.78,4.09,LowRange,0.72,2.07,866.8073955
776,14,1.44,3.18,VeryLowRange,0.83,1.76,871.2105678
109,14.6,1.35,2.21,HighRange,0.96,1.73,873.473856
630,14,1.7,2.54,HighRange,1,1.98,879.1455867
637,11.44,1.06,3.3,HighRange,0.37,1.88,879.5860991
744,9.92,0.87,3.77,HighRange,0.55,2.14,884.3285448
270,11.47,1.23,3.74,HighRange,1.04,2.3,885.3588434
783,14.36,1.42,2.51,HighRange,1.36,2.11,899.2347624
318,14.24,1.48,3.45,VeryLowRange,0.86,1.93,902.2542202
476,11.51,0.74,2.56,HighRange,0.95,1.87,905.2237762
398,18.25,1.62,3.02,VeryLowRange,1.39,2.02,908.0323404
935,15.35,1.54,3.07,VeryLowRange,1.53,2.05,908.441964
866,14.19,1.19,2.69,VeryLowRange,1.22,1.83,921.3967692
37,13.13,0.92,3.76,VeryLowRange,0.67,2.18,928.2848776
735,13.08,1.31,3.39,HighRange,0.98,2.63,930.6035163
995,11.95,1.14,2.97,HighRange,0.8,2.06,931.610877
313,18,0.96,3.33,VeryLowRange,1.64,2.58,931.6569751
427,7.45,0.18,2.52,MidRange,0.8,1.85,933.4669777
660,21.74,2.43,2.5,VeryLowRange,2.06,2.18,941.1416443
609,12.16,1.02,3.77,HighRange,0.27,1.92,941.7766621
823,10.03,0.63,3.29,LowRange,0.38,1.7,942.3652433
259,13.24,1.24,3.09,VeryLowRange,1.62,2.1,948.0475721
842,10.14,1.33,4.26,MidRange,-0.19,1.97,958.140151
1000,15.74,1.31,2.37,HighRange,1.24,2.06,963.6757931
631,14.78,1.42,2.75,VeryLowRange,1.22,1.8,972.9470623
883,13.69,1.35,3.51,HighRange,0.6,2.04,972.9957386
142,15.7,1.68,2.59,HighRange,1.08,1.83,976.1567657
57,10.1,0.36,3.6,LowRange,0.08,1.89,977.1241751
345,11.78,1.1,4.63,HighRange,0.57,2.69,981.2025504
858,16.1,1.18,2.16,VeryLowRange,1.09,1.29,984.8282289
580,9.9,0.99,3.19,MidRange,0.68,1.8,988.1928083
339,13.86,0.91,3.14,HighRange,1.2,2.48,991.4108157
663,7.98,0.42,4.11,MidRange,0.47,2.19,991.4798652
932,10.74,0.54,3.33,HighRange,0.31,1.89,995.2862778
725,10.4,1.13,4.13,MidRange,-0.13,1.9,995.3459424
786,23.31,2.27,2.72,VeryLowRange,2.04,2.19,996.6134001
351,8.68,0.81,3.28,MidRange,0,1.58,1002.715061
732,10.66,0.58,3.59,HighRange,0.5,2.03,1004.284169
118,11.86,0.94,4.13,HighRange,0.32,2.28,1021.84392
64,14.22,0.99,2.66,VeryLowRange,1.16,2.02,1024.964113
375,11.66,1.13,3.38,LowRange,0.44,1.82,1026.954753
127,11.93,1.22,2.7,LowRange,0.63,1.44,1031.528536
799,7.71,0.67,2.89,MidRange,1.55,2.32,1032.497867
140,8.73,0.61,3.4,MidRange,-0.06,1.54,1033.239493
540,12.59,0.57,3.22,HighRange,0.9,2.08,1037.964085
715,10.96,1.19,3.03,HighRange,0.35,1.81,1038.323291
492,9.57,1.02,3.44,MidRange,0.53,2.14,1041.339381
733,12.78,1.4,3.2,HighRange,0.39,1.8,1043.151258
328,12.83,0.78,3.6,HighRange,1.24,2.59,1049.501723
147,12.58,0.97,3.33,HighRange,0.06,1.66,1052.009316
652,8.63,0.75,3.71,MidRange,0.41,2.06,1052.605777
525,13,1.06,3.33,HighRange,0.84,2.18,1054.174367
347,15.35,1.01,2.14,HighRange,1.53,2.15,1055.789933
161,19.86,1.92,2.14,HighRange,0.4,1.25,1057.261254
412,8.77,0.87,2.92,MidRange,0.09,1.55,1059.175133
977,11.8,1.07,3.64,LowRange,0.35,1.76,1059.672113
921,12.38,0.91,2.63,LowRange,1.17,1.73,1062.835861
434,17.13,1.79,3.04,VeryLowRange,0.9,1.73,1067.477332
31,16.33,1.5,1.85,VeryLowRange,1.44,1.18,1072.505415
483,9.54,0.9,3.25,MidRange,0.8,1.96,1074.157708
964,17.98,1.45,2.94,VeryLowRange,0.9,1.86,1074.790902
694,16.4,1.48,2.91,VeryLowRange,1.07,1.87,1080.264714
624,10.04,1.13,2.7,LowRange,0.76,1.6,1083.272676
157,13.31,1.17,2.53,HighRange,0.67,1.59,1089.161058
25,10.52,1.07,4.31,LowRange,0.13,2.18,1092.833803
537,11.39,1.06,2.56,LowRange,0.95,1.74,1092.875286
682,11.3,1.01,3.31,HighRange,0.32,1.87,1093.176293
902,10.5,1.17,3.69,MidRange,0.45,2.17,1095.672507
757,10.13,1.05,4,MidRange,0.46,2.27,1099.803466
13,18.18,2.02,2.85,VeryLowRange,1.17,1.84,1100.000817
990,13.52,1.35,3.45,LowRange,1.51,2.22,1113.605137
884,10.15,0.54,2.97,LowRange,0.59,1.76,1114.45748
211,10.29,1.05,3.6,LowRange,-0.23,1.6,1114.521963
671,8.81,0.57,3.4,MidRange,0.71,2.21,1121.053597
789,12.87,1.09,3.08,HighRange,0.7,1.91,1126.61335
808,12.52,1,2.43,HighRange,0.95,1.98,1129.82052
361,11.51,1.33,3.74,MidRange,0.14,2.02,1135.712826
254,10.41,0.94,2.74,LowRange,0.21,1.28,1135.753353
878,13.53,1.51,2.31,HighRange,0.8,1.67,1148.659784
357,12.31,1.08,3.05,LowRange,0.82,1.89,1150.935217
261,12.35,0.91,2.8,LowRange,0.28,1.69,1151.302877
962,17.86,1.94,2.5,VeryLowRange,0.28,0.93,1152.333122
368,14.9,1.55,2.86,HighRange,1.22,1.97,1154.550316
285,14.2,1.58,3.16,HighRange,0.47,1.94,1155.445208
916,12.89,1.45,4.09,HighRange,0.81,2.77,1158.146044
110,9.2,0.68,2.91,MidRange,0.34,1.55,1165.558805
14,12.1,1.42,4.1,HighRange,0.09,2.12,1166.029442
796,13.94,1.07,3.05,LowRange,1.33,1.99,1167.493538
335,10.33,0.89,4.15,MidRange,0.12,1.87,1169.387201
797,10.14,1.06,3.63,MidRange,0.25,2,1174.83094
900,14.44,1.07,2.34,HighRange,0.98,1.97,1179.69975
95,13.92,1.1,2.48,LowRange,0.8,1.53,1179.765544
293,14.21,1.54,2.64,HighRange,1.08,1.9,1180.067784
523,10.62,0.9,4.03,LowRange,-0.13,1.87,1180.994604
194,11.78,1.21,3.3,LowRange,0.75,2.01,1182.1746
404,12.04,0.87,3.05,HighRange,0.81,2,1187.663511
145,9.24,0.72,2.63,MidRange,0.49,1.43,1192.60491
43,14.21,1.51,3.74,HighRange,0.74,2.34,1195.5227
413,12.13,1.01,3.27,HighRange,0.2,1.93,1199.797639
177,15.52,1.01,3.71,HighRange,0.94,2.46,1199.92321
894,15.75,1.28,2.82,HighRange,0.95,2.04,1200.970398
300,12.91,1.21,2.75,HighRange,1.29,2.01,1208.416645
28,11.54,1.1,4.47,LowRange,0.67,2.51,1213.281884
681,11.31,0.99,3.52,LowRange,0.26,1.74,1214.260306
11,12.25,1.2,3.64,HighRange,0.81,2.44,1215.676438
323,11.83,0.87,3.01,MidRange,0.65,1.93,1219.730158
817,15.58,1.3,2.53,VeryLowRange,1.35,1.88,1221.039098
587,10.26,0.78,3.53,MidRange,0.27,1.88,1222.748909
597,11,1.2,2.87,LowRange,0.54,1.5,1223.284449
911,12.1,1.63,3.97,HighRange,0.38,1.93,1231.648572
276,9.93,0.88,3.39,MidRange,0,1.87,1232.207107
242,15.98,1.34,3.35,VeryLowRange,1.38,2.31,1233.205123
722,18.31,1.74,1.51,VeryLowRange,1.87,1.52,1233.958231
447,11.47,1.18,2.5,MidRange,0.9,1.71,1235.473469
502,12.15,1.27,3.4,HighRange,0.9,2.09,1236.646904
610,10.88,1.07,3.93,LowRange,0.07,1.86,1238.479252
809,13.25,1.37,3.71,HighRange,1.14,2.65,1246.280433
515,11.03,1,4.27,MidRange,0.1,1.94,1246.518313
982,9.88,1,3.64,MidRange,0.52,2.16,1248.129938
134,13.25,1.57,3.46,HighRange,0.8,1.98,1249.05983
274,10.92,1.05,3.48,MidRange,0.52,1.84,1254.610117
149,9.97,1.04,3.18,MidRange,0.23,1.78,1255.203934
698,12.83,1.28,3.16,HighRange,0.4,1.95,1259.609626
40,9.7,1.13,3.32,MidRange,0.44,1.98,1261.443836
859,13,1.54,3.1,HighRange,0.2,1.71,1270.79939
494,13,1.42,3.03,HighRange,0.62,2.01,1271.336313
814,13.83,1.66,2.51,HighRange,0.18,1.64,1273.735181
219,9.6,0.4,3.33,MidRange,0.89,2.1,1274.832382
738,14.04,1.35,3.5,HighRange,0.61,2.13,1276.287562
223,16.53,1.39,2.52,VeryLowRange,1.13,1.6,1276.611559
350,9.7,0.76,2.92,MidRange,0.45,1.73,1277.574598
687,10.63,0.9,2.66,LowRange,1.1,2,1283.986441
245,9.99,0.95,2.98,LowRange,0.89,1.8,1284.692443
437,9.97,0.92,3.05,MidRange,0.06,1.44,1296.277576
834,11.76,1.08,4.18,MidRange,0.43,2.45,1297.605529
423,13.46,1.33,3.51,LowRange,0.8,1.81,1298.713721
190,17.4,1.65,1.88,VeryLowRange,0.46,0.9,1301.371449
767,12.11,0.79,2.55,MidRange,0.56,1.69,1302.772634
888,11.12,0.63,3.09,MidRange,0.52,1.85,1304.752863
168,9.79,0.91,3.24,MidRange,0.55,1.92,1309.706537
462,10.69,1.2,3.21,LowRange,0.32,1.72,1311.675303
706,9.85,0.67,2.32,MidRange,1.06,1.87,1314.320565
196,13.53,1.16,2.67,LowRange,0.71,1.32,1316.344579
674,15.64,1.36,3.53,VeryLowRange,0.86,2.17,1325.003212
418,15.43,1.23,1.8,VeryLowRange,1.87,1.94,1332.426639
455,9.97,1.09,3.71,MidRange,0.71,2.12,1332.917918
892,20.21,2.12,2.5,VeryLowRange,1.47,1.82,1334.070277
283,12.14,1.13,4.7,MidRange,0.68,2.66,1334.19131
76,13.6,1.34,2.72,HighRange,0.8,1.84,1337.161679
527,12.82,0.94,3.57,HighRange,1.34,2.68,1337.448657
541,9.78,0.84,3.52,MidRange,1.01,2.34,1338.347252
621,17.14,1.41,2.9,HighRange,0.91,2.16,1342.59323
755,16.82,1.18,2.06,VeryLowRange,1.76,1.93,1342.716554
23,15.97,1.37,2.88,HighRange,0.9,1.81,1350.341147
411,15.58,1.61,3.11,HighRange,0.96,2.15,1357.955626
213,17.06,1.46,2.69,VeryLowRange,2.09,2.23,1363.090297
699,10.54,0.97,3.23,MidRange,0.33,1.69,1363.540281
12,11.59,1.06,3.33,MidRange,0.24,1.91,1364.885428
951,10.5,0.94,3.11,MidRange,0.45,1.82,1375.952266
704,14.87,1.39,3.7,HighRange,0.91,2.62,1376.714964
461,17.16,1.58,3.13,HighRange,1.56,2.67,1379.264129
672,16.8,1.77,3.24,HighRange,1.17,2.31,1381.933964
271,12.68,1.02,3.52,LowRange,0.64,2.03,1386.08845
818,14.73,1.61,3.03,HighRange,0.9,1.98,1386.491327
26,10.84,0.58,2.64,LowRange,0.41,1.41,1386.661653
126,11.39,1.11,3.39,MidRange,0.37,2.01,1389.166744
133,10.25,1.4,3.59,MidRange,0.39,1.83,1390.007239
332,11.36,1.15,3.89,MidRange,0.06,1.95,1393.560622
581,11.29,1.22,3.49,LowRange,0.56,1.84,1399.297759
983,18.8,1.8,3.23,HighRange,1.66,2.54,1401.211709
877,10.49,0.48,3.77,MidRange,0.46,2.37,1403.229919
589,10.97,0.97,3.55,LowRange,0.63,1.85,1407.871685
632,14.07,1.55,3.44,LowRange,0.43,1.7,1409.196533
369,13.55,1.08,2.84,HighRange,0.26,1.67,1412.738363
63,10.27,0.79,3.33,MidRange,0.73,2.25,1414.64051
815,11.34,1,3.43,MidRange,0.57,2.15,1417.906718
573,10.84,1.24,3.67,MidRange,0.17,1.97,1425.068417
853,11.98,1.01,4.63,MidRange,0.76,2.87,1429.695935
203,13.44,1.32,2.87,LowRange,0.27,1.36,1431.226494
414,14.4,1.68,2.99,LowRange,0.82,1.82,1431.744472
795,12.53,0.92,2.94,LowRange,0.54,1.5,1434.423858
857,15.21,1.41,3.11,LowRange,0.78,1.81,1440.896413
538,13.3,1.5,3.79,HighRange,1.26,2.79,1442.756493
485,12.2,1.38,3.23,LowRange,0.13,1.47,1456.153249
718,13.38,0.96,2.52,LowRange,1.24,1.72,1457.243162
839,14.54,1.3,2.04,HighRange,0.87,1.64,1457.830305
463,14.6,1.31,3.16,LowRange,0.72,2,1460.053613
761,14.64,1.12,2.81,HighRange,1.32,2.19,1461.996368
297,11.31,0.58,3.75,LowRange,1.03,2.43,1462.620038
111,10.71,0.59,2.86,MidRange,0.86,2.02,1464.571466
972,10.95,0.8,3.67,MidRange,0.12,1.93,1466.627778
504,11.37,1.01,3.74,LowRange,0.74,2.05,1467.172126
2,15.34,1.65,2.6,LowRange,1.37,1.79,1479.767778
987,10.88,1.2,4.09,MidRange,0.81,2.4,1482.876885
253,11.66,1.23,3.16,LowRange,0.86,1.84,1484.675726
806,13.49,1.28,2.93,HighRange,0.8,1.85,1488.15838
4,11.95,1.14,3.9,MidRange,0.4,2.03,1488.317629
692,11.21,0.75,4.49,MidRange,0.1,2.25,1489.925185
578,14.99,1.36,2.03,HighRange,1.92,2.14,1491.311387
728,11.42,0.66,3.62,LowRange,0.58,2.22,1492.041377
655,11.2,0.85,3.95,MidRange,-0.13,1.64,1503.487194
634,17.69,1.79,2.38,HighRange,1.08,1.91,1505.819671
119,16.99,1.56,3.06,VeryLowRange,0.86,1.61,1510.613559
602,17.6,1.81,1.72,VeryLowRange,1.31,1.4,1519.871829
969,11.71,0.63,4.01,LowRange,0.04,1.84,1520.192211
426,16.51,1.31,2.61,VeryLowRange,1.27,1.82,1528.360445
607,12.26,1.45,2.48,LowRange,0.98,1.6,1531.698769
793,11,0.78,3,MidRange,1.34,2.15,1540.18872
321,14.41,1.27,2.79,LowRange,1.58,1.94,1545.288125
746,15.44,1.48,2.82,HighRange,0.61,1.79,1546.955653
827,15.73,1.86,3.74,LowRange,1.1,2.15,1547.412398
739,11.87,1.3,2.97,MidRange,0.33,1.79,1547.76815
325,15.45,2.05,3.54,HighRange,0.86,2.25,1551.234102
889,13.5,0.98,3.94,LowRange,1.17,2.6,1552.865491
997,12.12,0.82,3.52,MidRange,-0.04,1.73,1560.333735
205,11.38,1.16,2.26,MidRange,0.45,1.48,1561.547308
748,12.04,1.25,3.29,LowRange,0.6,1.75,1562.800808
429,14.16,1.5,2.86,LowRange,0.73,1.73,1565.035799
918,12.23,0.87,3.02,LowRange,1.02,1.84,1571.246492
314,13.5,1,3.64,LowRange,1.02,2.18,1571.388395
236,11.75,1.08,3.48,LowRange,0.86,2.26,1573.669557
943,12.05,0.86,3.21,LowRange,0.5,1.77,1576.647972
387,14.61,1.2,2.77,LowRange,0.62,1.37,1579.321127
973,12.94,0.97,2.88,LowRange,1.25,1.94,1581.271103
380,15.13,1.16,3.52,LowRange,1,2.17,1581.662627
944,14.44,1.51,2.81,HighRange,1.16,1.93,1583.322847
210,11.88,0.89,3.05,LowRange,0.53,1.54,1584.40259
44,11.68,0.96,3.87,LowRange,0.64,2.09,1584.915142
653,11.67,1.28,3.15,MidRange,0.86,2.14,1595.569014
453,11.43,0.96,2.8,MidRange,0.22,1.43,1596.210651
131,13.64,1.53,3.4,LowRange,0.77,1.74,1598.53106
59,15.94,1.26,2.65,LowRange,1.76,2.02,1602.512677
342,16.6,1.1,3.07,VeryLowRange,1.82,2.48,1602.810318
726,12.06,1.59,4.47,MidRange,0.14,2.25,1604.738573
798,12.02,1.06,3.09,LowRange,0.28,1.43,1621.857161
125,14.52,1.29,3.39,LowRange,1.17,2.03,1623.177748
216,11.44,1.06,2.84,LowRange,1.1,2.06,1623.866681
961,18,1.72,1.71,VeryLowRange,1.74,1.49,1633.18461
963,11.6,0.55,2.18,MidRange,0.6,1.5,1638.342799
984,18.07,1.33,2.89,VeryLowRange,1.52,2.1,1640.769905
724,12.38,0.74,2.72,LowRange,0.37,1.42,1640.81971
291,11.35,1.33,3.13,MidRange,0.44,1.88,1641.150852
939,15.87,1.92,3.2,LowRange,0.58,1.64,1642.147875
244,11.81,0.8,3.09,MidRange,0.62,1.91,1642.41151
750,11.55,1.18,3.18,MidRange,0.24,1.85,1650.452703
640,12.35,1.18,3,MidRange,1,1.8,1653.324326
861,14.96,0.77,2.25,LowRange,1.07,1.67,1653.691037
200,13.79,1.66,3.71,MidRange,0.75,2.45,1663.048306
268,11.41,0.77,3.68,MidRange,1.12,2.17,1665.094059
202,11.61,1.21,3.89,MidRange,0.34,2.03,1666.69035
179,13.86,1.25,2.16,HighRange,1.05,1.92,1670.35701
772,12.22,1.02,3.67,MidRange,0.43,1.97,1671.119687
472,11.32,0.84,2.67,MidRange,1.18,1.92,1671.342328
69,13.66,0.64,3.2,MidRange,0.6,2.12,1672.257011
873,16.62,1.53,2.31,LowRange,1.1,1.54,1672.500696
869,12.54,1.25,3.59,MidRange,0.47,2.03,1681.595435
807,11.58,1.11,3.25,MidRange,0.69,1.93,1683.695074
928,12.98,1.66,3.25,MidRange,0.93,1.98,1686.087807
182,11.62,1.29,3.56,MidRange,0.33,1.95,1687.082897
593,12.07,1.22,3.22,MidRange,0.36,1.5,1690.176866
317,11.79,1.28,3.33,MidRange,0.2,1.58,1692.087487
151,15.7,1.56,2.17,HighRange,1.03,1.68,1692.298469
77,13.41,1.68,3.25,MidRange,0.49,1.77,1692.362778
319,14.11,1.55,3.57,MidRange,0.62,1.85,1707.514494
295,11.55,1.33,3.26,MidRange,1.03,2.39,1710.903836
79,13.49,0.85,2.57,LowRange,1.24,2.06,1711.01725
356,11.63,1.01,3.14,MidRange,0.64,2.1,1717.698564
405,12.49,0.98,3.3,LowRange,0.56,1.78,1721.07242
107,13.37,1.07,3.61,LowRange,0.96,2.1,1722.206916
417,17.01,1.25,3.59,LowRange,1.05,2.08,1724.181056
740,14.58,1.26,3.1,LowRange,0.54,1.95,1739.723208
27,11.72,1.17,3.87,MidRange,0.71,2.39,1750.080154
975,14.02,1.5,3.01,MidRange,1.04,2.16,1757.675482
104,12.07,0.65,3.83,MidRange,0.24,1.93,1761.793957
498,14.44,1.39,3.25,LowRange,0.92,1.89,1767.765012
701,15.51,1.11,3.09,HighRange,1.5,2.5,1768.565608
723,12.98,0.99,2.27,LowRange,0.48,1.39,1773.40786
787,13.12,1,2.97,MidRange,1.03,2.19,1774.155302
546,15.75,1.33,3.25,HighRange,1.6,2.59,1778.995715
7,12.7,1.3,3.7,LowRange,0.45,1.95,1784.266285
832,12.55,1.17,3.43,MidRange,0.79,2.27,1785.970797
290,17.22,1.98,1.61,HighRange,1.54,1.42,1790.510739
986,15.28,1.25,2.29,LowRange,1.28,1.61,1798.975721
240,12.24,1.25,3.44,MidRange,0.8,2.31,1801.423645
670,15.44,1.73,2.61,HighRange,1.16,2.02,1804.383919
232,17.33,1.94,2.58,HighRange,1.7,2.1,1807.059354
239,13.74,1.9,3.42,MidRange,0.72,2.1,1807.722558
898,11.91,1.5,2.27,MidRange,0.84,1.57,1814.325935
572,14.29,1.45,3,MidRange,0.78,1.87,1815.136335
21,16.57,1.85,2.52,LowRange,1.43,1.78,1822.997389
47,13.84,1.23,3.07,LowRange,1.33,2.22,1829.05814
67,12.94,1.32,3.94,MidRange,0.39,2.21,1830.195003
316,14.5,1.52,2.48,MidRange,0.67,1.49,1833.785421
778,12.08,1.11,3.51,MidRange,0.62,2.01,1834.182112
574,13.37,1.01,3.19,MidRange,0.47,1.78,1837.580744
176,12.54,1.14,3.93,MidRange,0.24,2.16,1841.531373
791,12.11,1.16,3.69,MidRange,0.83,2.3,1846.068147
442,12.52,0.92,3.94,MidRange,0.48,2.31,1848.658832
137,12.16,0.76,4.22,MidRange,1.38,2.82,1849.433674
831,14.74,1.13,2.45,LowRange,0.92,1.59,1849.893328
503,13.25,1.32,2.84,MidRange,0.61,1.89,1851.618362
327,11.9,1.14,2.95,MidRange,1.14,2,1851.625496
446,14.54,1.48,3.56,LowRange,0.61,1.89,1855.574687
688,16.54,1.53,2.59,LowRange,0.55,1.35,1856.934036
58,12.89,1.12,2.96,LowRange,0.71,1.9,1862.412859
238,14.78,1.55,3.89,HighRange,0.65,2.51,1862.921224
379,13.36,0.83,2.28,LowRange,0.61,1.39,1864.614968
257,12.56,1.5,3.67,LowRange,0.89,2.11,1871.857486
626,13.1,1.05,3.82,MidRange,0.99,2.59,1875.160441
66,12.77,0.98,3.75,MidRange,0.41,2.36,1876.074031
937,14.69,1.29,2.39,HighRange,1.04,1.93,1883.85096
249,13.89,1.51,3.07,LowRange,0.46,1.74,1884.420119
576,12.9,1.42,2.52,MidRange,0.59,1.6,1895.081285
887,14.88,1.57,3.3,HighRange,0.95,2.03,1896.132878
277,12.53,1.3,2.78,MidRange,1.08,2.26,1896.812571
801,12.38,1.26,3.22,MidRange,0.89,1.88,1898.785234
162,14.9,0.88,2.59,LowRange,1.65,2.14,1901.478612
312,18.7,2.48,2.31,HighRange,1.7,2.38,1907.525216
408,13.57,1.08,3.31,MidRange,0.29,1.79,1907.811551
105,13.87,1.53,2.76,MidRange,0.3,1.59,1911.348967
890,13.72,1.39,3.41,LowRange,0.84,2.18,1911.658757
792,14.28,1.28,3.71,MidRange,0.89,2.36,1912.928959
282,14.9,0.75,2.26,LowRange,1.07,1.65,1917.240836
258,18.12,1.68,2.92,HighRange,1.32,2.19,1919.339826
590,12.59,1.21,2.62,MidRange,0.67,1.59,1920.144325
354,12.85,1.14,3.12,MidRange,1.29,2.18,1920.147295
579,14.06,1.13,1.97,MidRange,1.87,1.97,1921.534509
390,12.94,1.35,3.06,MidRange,0.8,1.92,1940.197811
770,12.99,1.09,4.61,MidRange,0.26,2.6,1940.539108
178,12.89,1.26,3.21,MidRange,0.95,2.11,1942.217302
8,14.15,1.23,2.53,LowRange,0.79,1.54,1943.639213
422,13.72,1.1,3.19,LowRange,0.4,1.6,1945.517294
132,12.73,1.33,2.36,MidRange,1.19,1.74,1947.91304
758,13.43,0.97,3.11,MidRange,1.37,2.26,1948.989713
731,16.41,1.54,3.45,HighRange,0.92,2.32,1949.353997
762,12.81,1.43,3.34,MidRange,0.33,1.74,1950.978327
885,13.45,0.92,3.25,MidRange,1.04,2.33,1954.785696
608,16.57,1.12,3.2,LowRange,1.21,1.81,1955.302845
676,18.61,1.93,2.74,VeryLowRange,1.67,2.03,1955.331461
819,12.47,0.93,3.54,MidRange,0.9,2.54,1964.548483
958,13.32,1.16,2.45,MidRange,1.05,1.74,1966.128608
399,14,1.69,3.64,MidRange,0.92,2.48,1967.566757
561,18.41,1.64,3,HighRange,0.61,2.08,1968.485996
209,13.37,0.92,2.69,LowRange,1.02,1.74,1970.96811
80,18.49,1.68,2.93,VeryLowRange,1.13,2.07,1973.661172
948,13.46,1.52,3.04,MidRange,0.1,1.53,1975.398611
89,16.59,1.54,2.56,LowRange,1.18,1.84,1977.577029
198,12.86,1.31,3.2,MidRange,0.04,1.63,1980.419721
974,15.72,1.33,2.51,LowRange,1.42,1.95,1982.058606
255,12.77,0.85,3.64,MidRange,0.73,2.24,1983.040131
780,13.67,1.27,3.58,MidRange,0.23,2.06,1985.924644
308,16.15,1.15,2.51,HighRange,1.26,2.17,1986.970082
348,13.1,1.23,3.35,MidRange,0.39,1.81,1989.676816
636,18.39,1.79,3.08,VeryLowRange,1.41,1.72,2000.283352
836,13.56,1.14,3.59,LowRange,0.48,1.93,2009.450069
968,18.96,1.76,2.17,VeryLowRange,1.58,1.95,2009.483936
474,17.53,1.6,2.38,HighRange,1.21,2.12,2009.943412
212,12.57,1.31,3.64,MidRange,0.9,1.99,2014.695492
899,15.53,1.69,2.64,HighRange,1.55,2.1,2021.05513
70,12.87,0.89,2.72,MidRange,0.64,1.81,2024.243018
812,16.82,1.69,2.8,HighRange,1.17,1.98,2028.709213
88,16.8,1.49,2.94,LowRange,1.38,2.15,2030.685607
585,12.97,1.23,3.28,MidRange,0.74,2.05,2031.157399
646,12.62,0.94,2.82,MidRange,1.01,2.02,2032.711824
747,16.36,1.5,2.41,LowRange,1.41,1.85,2035.24501
81,13.46,1.17,2.92,MidRange,0.89,1.97,2045.667047
788,12.87,1.1,3.3,MidRange,0.64,1.94,2050.862756
479,15.45,1.66,3.4,HighRange,1.34,2.42,2052.027604
39,20.11,1.72,2.83,VeryLowRange,1.53,2.1,2062.783229
603,15.68,1.71,2.86,LowRange,1.09,1.79,2063.446847
829,12.89,0.88,2.9,MidRange,0.81,1.97,2068.876855
633,12.57,0.95,3.08,MidRange,1.41,2.28,2073.270839
167,16.18,1.77,2.65,LowRange,1.04,1.61,2075.186478
302,15.88,1.35,2.87,HighRange,1.47,2.31,2075.829714
488,14.36,1.66,3.6,LowRange,0.5,1.94,2077.182165
169,14.78,1.18,2.37,MidRange,1.4,1.94,2077.485573
906,13.48,0.96,2.93,MidRange,0.5,1.7,2079.097093
501,12.91,0.86,2.84,MidRange,0.95,2,2079.698881
955,13.01,1.28,2.38,MidRange,0.48,1.55,2088.65047
651,13.88,1.17,3.36,LowRange,0.83,2.14,2088.825692
920,15.79,1.44,3.01,HighRange,0.48,2.07,2089.208282
871,14.17,1.37,2.92,MidRange,0.91,1.91,2089.396476
618,21.09,2.54,2.22,VeryLowRange,1.53,1.52,2095.303996
656,13.55,1.11,4.17,MidRange,0.19,2.14,2101.721419
693,15.33,1.27,3.35,LowRange,1.12,2.04,2102.009351
953,16.88,1.89,2.45,HighRange,0.63,1.5,2107.131598
392,14.73,1.18,3.13,LowRange,1.44,2.13,2113.557542
122,18.26,1.52,3.21,LowRange,1.04,2.15,2124.206372
545,14.73,1.15,3.62,MidRange,1.3,2.52,2125.700732
266,14.73,1.37,3.32,LowRange,0.64,1.89,2128.352601
108,13.78,1.33,2.54,LowRange,0.43,1.22,2128.845154
568,13.73,1.68,3.24,LowRange,1.15,2.11,2133.386277
221,14,1.48,2.59,MidRange,0.95,1.67,2134.004514
41,13.48,1.48,2.9,MidRange,0.61,1.82,2135.69704
269,16.25,1.49,2.84,LowRange,0.96,1.76,2137.623337
779,13.12,1.32,3.64,MidRange,0.74,1.97,2141.280021
730,16.93,1.38,3.09,HighRange,1.4,2.37,2146.206216
703,13.41,1.13,4.12,MidRange,0.62,2.5,2146.502216
615,17.62,1.4,3.06,LowRange,1.38,1.98,2158.684907
215,14.38,1.38,2.95,MidRange,1.49,2.28,2159.999174
143,16,1.39,2.93,LowRange,0.75,1.91,2166.210818
195,14.57,1.41,3.38,MidRange,0.36,1.88,2171.845022
509,13.87,0.91,3.25,LowRange,1.3,2.42,2175.143279
241,13.22,1.35,2.28,MidRange,1.23,1.88,2187.046818
855,13.61,1.26,2.75,MidRange,0.76,1.74,2187.977203
484,15.43,1.71,3.16,LowRange,1.19,2.17,2192.585452
737,14.13,1.55,3.21,LowRange,0.87,1.94,2206.5948
363,14.89,1.38,2.93,LowRange,1.59,2.11,2209.578311
810,15.04,1.48,2.22,MidRange,1.08,1.77,2209.802557
765,14.78,1.63,3.61,MidRange,0.87,2.21,2216.070736
989,16.12,1.41,2.42,LowRange,1.48,1.84,2219.56275
700,15.33,1.12,2.56,LowRange,1.1,1.73,2222.537458
352,13.54,0.74,3.2,MidRange,0.63,1.96,2232.638859
926,16.43,1.79,2.62,LowRange,1.13,1.72,2237.994441
141,13.5,1.44,3.48,MidRange,0.63,1.98,2242.55319
534,17.96,1.78,3.53,HighRange,0.85,2.27,2246.487315
901,13.37,1.54,3.04,MidRange,0.86,1.72,2247.460706
17,14,1.65,3.83,MidRange,1.12,2.32,2249.128389
925,14.86,1.36,2.64,MidRange,1.33,1.95,2250.595712
29,13.92,1.45,3.54,MidRange,0.62,1.89,2252.847709
421,13.46,1.69,2.84,MidRange,0.66,1.67,2254.69144
784,15.49,1.21,3.19,LowRange,0.97,2.06,2255.936649
662,19.02,2.07,3.08,VeryLowRange,1.33,2.12,2257.286932
781,14.56,1.4,2.66,LowRange,1.3,1.77,2259.287013
769,13.61,0.9,2.69,MidRange,1.53,2.17,2260.512088
517,15.07,1.81,3.51,MidRange,1.04,2.21,2260.664841
204,13.43,1.13,3.44,MidRange,0.95,2,2266.329436
389,13.66,1.15,3.18,MidRange,0.66,1.7,2271.081018
440,13.8,1.1,3.7,MidRange,0.47,1.95,2281.608168
863,15.07,1.69,3.04,LowRange,1.07,2.17,2287.470387
553,13.93,1.02,2.92,MidRange,0.64,1.78,2290.649233
382,20.73,1.96,3.04,HighRange,1.15,2.18,2297.209744
156,14.24,1.51,3.47,LowRange,0.71,2.21,2299.227895
923,13.76,1.35,3.46,MidRange,0.5,1.89,2302.666403
535,14.03,1.44,3.47,MidRange,0.46,1.99,2314.039136
186,15.63,1.48,3.42,LowRange,1.13,2.04,2316.175338
886,15.94,1.34,3.81,LowRange,1.36,2.43,2317.315601
833,13.58,0.87,2.95,MidRange,1.13,2.2,2319.974657
84,16.69,1.46,3.09,HighRange,1.2,2.17,2339.460352
358,14.98,1.32,3.41,LowRange,0.87,2.14,2347.126512
320,13.89,1.16,2.32,MidRange,0.91,1.56,2347.515303
34,13.64,1.38,3.01,MidRange,0.86,2.12,2350.805045
55,13.49,1.38,2.56,MidRange,1.42,2.01,2355.165207
33,15.39,1.47,3.27,LowRange,0.84,2.01,2365.930235
596,14.2,1.08,3.36,LowRange,0.9,1.76,2368.956573
471,14.16,1.67,3.41,MidRange,0.61,2.13,2369.538579
201,13.71,1.2,2.71,MidRange,0.92,1.93,2371.173406
75,14.09,1.15,2.95,LowRange,0.93,1.91,2373.247992
298,16.36,1.68,3.47,LowRange,1.33,2.63,2376.807968
475,19.93,1.65,3.31,VeryLowRange,1.4,2.54,2377.710696
224,17.62,1.69,2.19,LowRange,1.47,1.79,2377.95034
867,13.8,1.19,3.15,MidRange,1.28,2.07,2383.252298
61,14.8,1.57,3.93,MidRange,0.31,2.32,2396.736054
130,14.18,1.64,3.79,MidRange,0.98,2.44,2399.872701
606,14.06,1.23,3.18,MidRange,0.94,2.02,2401.595187
304,14.08,1.24,3.44,MidRange,0.4,1.6,2414.365099
252,13.84,1.49,3.08,MidRange,1.07,2.12,2417.34814
247,15.72,1.2,2.51,LowRange,1.34,1.97,2421.06191
250,14.25,1.34,3.15,MidRange,1.09,2.23,2421.873468
49,13.97,1.06,3.28,MidRange,0.95,1.97,2435.143521
522,14.24,1.06,3.5,MidRange,1.03,2.31,2436.755862
120,14.83,1.68,2.78,LowRange,0.82,1.8,2447.385065
691,16.93,1.79,3.46,LowRange,1.6,2.47,2454.972196
152,17.06,1.51,2.92,LowRange,1.32,2.08,2457.93636
988,16.14,1.62,3.16,LowRange,0.97,2.05,2460.098447
173,14.6,1.17,1.87,LowRange,1.28,1.51,2469.385807
837,16.55,1.74,2.28,HighRange,1.33,1.96,2472.473868
495,17.75,1.74,2.35,HighRange,1.26,1.86,2479.831068
794,16.28,1.38,2.52,MidRange,0.77,1.57,2481.180222
548,13.87,1.39,3.43,MidRange,1.37,2.4,2482.941131
945,16.69,1.62,3.44,LowRange,1.48,2.52,2482.954015
391,15.43,2.03,3.18,MidRange,0.52,1.72,2489.530092
598,14.35,0.87,2.51,MidRange,0.71,1.64,2496.394226
882,15.07,1.22,3.39,MidRange,0.38,1.88,2504.126182
729,14.44,1.34,2.71,MidRange,0.45,1.57,2508.197103
430,14.18,1.42,3.49,MidRange,0.69,2.06,2510.49685
191,17.19,1.7,2.61,LowRange,1.17,1.91,2512.142529
153,14.2,1.21,3.92,MidRange,0.83,2.41,2514.658931
374,17.51,1.69,2.19,HighRange,1.75,2.15,2515.090119
71,14.6,1.28,3.29,MidRange,0.8,2.24,2516.231896
303,16.57,1.77,3.08,LowRange,1.53,2.31,2516.667008
227,16.29,1.6,3.2,LowRange,0.87,1.86,2520.03697
365,18.52,1.56,2.37,LowRange,1.85,1.94,2522.042149
10,20.51,2.48,2.78,VeryLowRange,1.78,2.24,2522.792318
144,20.18,1.98,2.48,HighRange,1.29,2.03,2529.45737
376,16.11,1.22,3.18,LowRange,1.44,2.26,2532.570553
183,14.27,1.7,2.58,MidRange,0.81,1.57,2540.090807
246,15.71,1.71,3.01,LowRange,0.6,1.64,2540.858746
642,14.36,1.5,3.35,MidRange,0.91,1.98,2545.07261
518,14.61,1.19,2.92,MidRange,1.05,2.05,2561.510566
648,17.63,1.64,2.64,HighRange,1.72,2.34,2565.437471
542,14.82,1.69,3.11,LowRange,1.13,2.09,2570.155907
146,15.02,1.94,3.58,LowRange,0.83,2.13,2570.867294
981,14.48,1.34,3.56,MidRange,0.67,2.11,2576.102155
749,15.32,1.36,2.95,MidRange,1.18,2.17,2577.297297
262,15.32,1.3,2.14,LowRange,1.06,1.42,2581.338011
941,15.63,1.54,2.85,LowRange,0.84,1.7,2587.320835
386,19.84,2.03,3.38,VeryLowRange,1.49,2.29,2587.554653
566,14.46,1.69,3.72,MidRange,1.09,2.38,2590.205569
904,17.89,1.44,1.86,LowRange,1.75,1.62,2593.317461
480,15.57,1.7,2.7,LowRange,1.16,1.84,2599.553932
367,16.7,1.53,2.99,LowRange,1.75,2.41,2600.797833
909,15.19,1.62,3.11,MidRange,1.15,2.16,2609.063195
838,15.22,1.3,3.52,LowRange,1.14,2.26,2614.571992
764,16.69,1.55,3.57,LowRange,0.65,2.15,2614.977036
424,16.4,1.39,2.52,MidRange,1.32,1.82,2616.210571
65,14.76,1.09,3.07,MidRange,0.34,1.81,2620.978391
805,14.53,1.57,2.69,MidRange,0.94,1.67,2623.894296
343,14.46,1.71,2.82,MidRange,0.98,2.02,2626.880655
872,14.85,1.61,3.63,LowRange,0.72,2.05,2629.226816
19,15.74,1.2,2.78,LowRange,1.49,2.25,2630.724009
840,14.37,1.78,2.98,MidRange,0.97,1.87,2630.938995
763,14.92,1.49,3.04,MidRange,0.81,1.92,2634.35545
334,15.11,1.28,3.4,LowRange,0.56,2.06,2637.446124
645,15.17,1.58,3.13,MidRange,0.88,1.84,2640.717902
337,14.86,1.41,2.54,MidRange,1.35,1.95,2640.726139
306,14.5,1.25,2.74,MidRange,0.94,1.67,2643.836476
467,18.69,1.8,2.85,LowRange,1.77,2.04,2646.535073
588,14.28,1.59,2.58,MidRange,1.31,1.91,2650.106862
311,15.51,1.09,3.11,LowRange,0.91,2,2651.050874
512,18.18,1.86,1.59,LowRange,1.63,1.27,2666.798904
677,15.78,1.09,2.34,LowRange,0.89,1.53,2667.57756
946,15.8,1,3.29,LowRange,0.43,1.97,2668.11441
562,14.6,1.58,2.07,MidRange,0.92,1.38,2688.855093
638,18.14,1.86,2.8,HighRange,0.91,2.15,2689.942752
586,16.21,1.43,1.9,LowRange,0.99,1.3,2691.559109
449,14.63,1.14,3.75,MidRange,1.01,2.47,2694.78052
582,16.25,1.97,2.89,LowRange,1.15,1.94,2699.809785
436,15.19,1.16,3.22,MidRange,0.41,1.75,2704.065349
577,15.02,1.85,3.3,LowRange,1.05,1.86,2705.300514
233,17.68,2.38,3.71,HighRange,1.2,2.56,2706.939706
292,15.46,1.73,3.14,MidRange,0.81,2.04,2708.867883
129,14.76,1.07,3.38,MidRange,0.73,1.89,2710.215938
917,15.2,1.25,3.2,LowRange,1.52,2.23,2713.041014
15,14.68,1.47,2.21,MidRange,1.27,1.67,2717.328863
736,16.86,1.48,2.58,LowRange,1.53,2.11,2723.947629
936,14.88,1.64,3.47,MidRange,0.38,1.77,2725.627772
880,14.97,1.01,2.87,MidRange,1.17,2.2,2728.432245
985,15.68,1.68,3.77,MidRange,0.72,2.35,2733.704192
154,15.87,1.43,2.72,MidRange,1.27,2.09,2748.229444
470,15.79,1.69,3.02,LowRange,1.01,2.09,2769.151676
852,15.31,1.21,2.76,MidRange,0.8,1.97,2785.475979
960,16.21,1.39,2.77,MidRange,1.21,2.32,2794.051735
273,15.22,1.4,3.24,MidRange,0.96,1.94,2794.562575
507,17.6,1.71,3.08,LowRange,1.8,2.38,2794.926492
533,16.72,1.57,3.07,LowRange,1.44,2.19,2806.819355
364,15.05,1.33,2.33,MidRange,0.53,1.37,2807.468756
684,15.8,1.62,2.4,MidRange,1.15,2.01,2813.268159
439,14.71,1.31,2.23,MidRange,1.76,2.18,2819.957257
868,14.84,1.38,3.43,MidRange,1.04,2.11,2820.948029
435,19.18,1.69,3.47,LowRange,0.98,2.04,2824.576169
248,15.76,0.98,3.32,LowRange,0.53,2.19,2830.237615
336,15.58,1.31,3.07,LowRange,1.06,2.03,2831.764298
491,18.37,1.61,2.25,LowRange,1.34,1.83,2835.461394
403,15.72,1.24,3.13,MidRange,0.93,2.25,2841.218122
905,15.32,1.31,3.29,MidRange,1.35,2.42,2849.555535
584,15.63,1.31,3.09,MidRange,0.98,2.17,2849.575547
667,18.65,2.02,2.92,HighRange,1.11,2.03,2849.638856
654,15.05,1.41,2.84,MidRange,1.08,1.81,2855.548494
865,15.77,1.95,4.1,LowRange,0.04,1.97,2856.58501
998,15.55,1.5,2.48,MidRange,1.89,2.35,2858.180459
46,15.88,1.66,3.41,MidRange,0.68,2.06,2862.10162
362,15.14,1.13,3.2,MidRange,0.91,2.12,2863.759723
536,15.05,1.22,2.06,MidRange,1.15,1.45,2865.870114
192,15.94,1.64,2.14,LowRange,0.63,1.03,2871.031676
773,15.32,1.51,3.95,MidRange,0.26,2.11,2873.803986
171,14.76,1.21,2.35,MidRange,1.51,1.92,2877.826882
272,15.07,0.99,3.27,MidRange,1.15,2.47,2886.853973
73,14.92,1.83,2.8,MidRange,1,1.78,2887.052155
372,19.32,2.26,1.75,LowRange,2.25,1.82,2892.803365
395,16.11,1.44,2.2,LowRange,0.72,1.31,2895.323929
714,16.16,1.77,3.23,LowRange,1.13,2.21,2895.97414
218,14.95,1.49,2.59,MidRange,1.31,1.94,2899.042852
980,15.7,1.1,3.41,MidRange,0.14,1.93,2907.919597
465,16.42,1.97,3.21,LowRange,1.09,2.16,2915.120768
54,15.53,1.19,1.92,LowRange,1.1,1.48,2915.495228
83,15.96,1.64,3.24,MidRange,1.22,2.22,2922.134713
286,15.43,1.5,2.08,MidRange,0.95,1.34,2922.31426
717,16.48,1.52,2.87,MidRange,1.76,2.26,2922.820756
678,15.69,1.39,3.04,MidRange,0.43,1.66,2926.914549
460,16.02,1.36,2.44,LowRange,1.08,1.75,2930.268924
907,17.17,1.34,2.35,LowRange,1.43,1.97,2930.73659
896,16.95,1.42,2.3,MidRange,1.47,2.05,2931.474727
341,15.56,1.17,2.58,LowRange,1.36,2.13,2931.622468
82,20.52,1.64,2.36,VeryLowRange,2.14,2.31,2932.566097
881,16.18,1.39,3.04,LowRange,1.22,2.01,2934.090489
668,16.63,1.41,2.83,LowRange,1.55,2.32,2934.577446
123,15.81,1.52,2.47,MidRange,1.6,2.17,2937.416162
549,15.22,1.54,3.58,MidRange,1.45,2.56,2951.963887
841,15.4,1.36,2.86,MidRange,1.01,1.99,2960.352018
965,16.61,1.25,1.83,MidRange,1.54,1.86,2974.180021
410,15.49,1.66,3.09,MidRange,0.63,1.87,2987.360229
267,17.24,1.89,1.94,MidRange,0.52,1.18,2990.910033
742,15.97,1.66,2.89,LowRange,0.91,1.82,3013.289035
68,17.72,1.66,1.39,LowRange,2.15,1.93,3022.514331
759,15.22,1.36,3.3,MidRange,1.21,2.32,3022.746528
420,16.98,1.21,2.56,LowRange,1.47,1.97,3026.137273
675,17.51,1.61,3.08,LowRange,1.37,2.11,3030.655711
930,15.34,1.12,2.11,MidRange,1.17,1.71,3042.027066
673,16.78,1.5,2.19,MidRange,0.82,1.37,3045.528652
464,17.78,1.9,2.75,LowRange,1.38,2,3056.975275
284,15.66,1.68,2.22,MidRange,0.77,1.59,3060.43377
163,17.65,2.06,2.63,MidRange,1.4,2.02,3060.551966
184,15.67,1.32,3.17,MidRange,0.84,1.92,3062.554203
52,15.79,1.31,2.18,MidRange,0.93,1.41,3064.860477
419,16.85,1.2,2.73,LowRange,1.41,2.02,3076.942099
234,15.46,1.37,2.91,MidRange,1.14,2.13,3077.843796
947,16.84,1.63,3.16,MidRange,1.6,2.6,3079.128701
505,15.39,1.15,2.87,MidRange,1.51,2.28,3080.665139
520,16.72,1.14,2.05,LowRange,1.39,1.66,3085.916928
366,15.82,1.52,1.96,MidRange,1.14,1.74,3086.993618
625,15.47,1.65,3.22,MidRange,1.04,2.13,3089.846341
102,16.79,1.92,3.36,MidRange,0.93,2.24,3100.979317
595,17.3,1.53,2.69,LowRange,1.36,1.85,3105.082226
933,18.79,1.5,3.57,LowRange,0.93,2.3,3113.096098
524,16,1.44,3.14,MidRange,0.62,1.9,3123.652135
612,15.5,1.44,2.61,MidRange,1.3,2.07,3124.19827
529,15.73,1.49,3.28,MidRange,0.92,2.03,3128.180606
72,15.64,1.26,3.25,MidRange,0.98,2.3,3135.019039
628,16.05,1.53,4.16,MidRange,0.69,2.42,3137.098361
709,15.69,1.63,3.21,MidRange,1.46,2.5,3147.193012
305,16.25,1.77,3.73,MidRange,0.94,2.23,3150.207691
138,18.16,2.03,2.74,LowRange,1.62,1.95,3166.875607
400,16.54,1.56,3.73,MidRange,1.21,2.55,3171.430189
9,16.18,1.34,3.45,MidRange,0.56,1.95,3176.523611
543,15.6,1.36,1.87,MidRange,1.81,1.85,3184.349011
114,17.62,1.79,2.74,MidRange,1.41,2.14,3188.882991
207,15.82,1.22,1.81,MidRange,0.87,1.29,3190.473373
560,16.03,1.65,2.57,MidRange,0.94,1.61,3203.44198
264,16.02,1.18,2.41,MidRange,0.98,1.75,3220.398936
766,15.81,1.21,3.18,MidRange,1.48,2.38,3224.536895
402,15.54,1.76,2.27,MidRange,1.47,1.92,3233.854847
231,15.56,1.99,2.78,MidRange,1.26,1.89,3241.932141
394,18.04,1.99,2.65,LowRange,1.8,2.43,3244.821811
385,15.98,2.05,3.7,MidRange,0.63,2.02,3246.648912
760,16.2,1.87,3.34,MidRange,1.2,2.25,3250.859587
98,16.53,1.46,2.09,MidRange,1.12,1.95,3254.612211
189,16.35,1.67,3.2,LowRange,0.84,2.01,3258.499533
826,15.78,1.61,2.55,MidRange,1.37,2.04,3283.096774
600,16.48,1.84,2.47,MidRange,1.12,1.85,3287.275741
458,15.55,1.62,3.26,MidRange,1.86,2.62,3291.478442
78,17.18,1.36,2.95,MidRange,1.89,2.46,3303.177594
359,15.99,1.03,3.72,MidRange,1.1,2.46,3314.886306
544,16.5,2.16,3.33,LowRange,0.9,2.01,3339.484831
957,15.97,1.16,2.63,MidRange,1.41,2.09,3341.46207
499,16.5,1.71,3.12,LowRange,0.92,2.02,3353.632483
927,15.86,1.08,2.74,MidRange,1.62,2.15,3365.008352
338,15.93,1.2,2.03,MidRange,1.69,1.91,3366.79641
280,21.57,2.52,3.21,VeryLowRange,1.4,2.08,3389.884727
60,18.79,1.88,3.35,LowRange,1.73,2.24,3394.83831
683,16.5,1.65,3.62,MidRange,0.63,2.04,3398.913258
803,17.67,1.91,2.63,LowRange,1.08,1.88,3404.719728
30,17.02,1.92,3.08,LowRange,1.26,2.06,3426.72069
296,17.27,1.92,3.05,LowRange,1.26,2.15,3435.245984
174,17.52,1.35,3.28,LowRange,1.23,2.29,3453.41305
821,16.32,1.4,2.41,MidRange,1.21,1.72,3457.771358
448,16.42,1.51,2.33,MidRange,1.37,1.71,3463.458998
790,15.91,1.32,2.22,MidRange,1.85,2.04,3484.565113
874,17.85,1.76,2.96,MidRange,0.48,1.74,3488.654583
785,16.63,1.28,2.9,MidRange,1.53,2.28,3508.173332
90,16.34,1.55,3.1,MidRange,1.01,1.95,3510.127171
165,19.16,1.87,1.76,LowRange,1.53,1.51,3514.686822
466,16.5,1.9,2.91,MidRange,0.59,1.61,3519.609291
617,17.66,1.85,2.46,MidRange,0.98,1.84,3529.91632
128,16.41,1.42,2.75,MidRange,1.14,1.8,3541.343025
482,19.04,1.93,2.72,LowRange,1.45,2.24,3542.725675
24,16.37,1.34,2.67,MidRange,1.28,2.16,3545.451691
74,16.39,1.25,2.59,MidRange,1.75,2.3,3555.742737
150,16.35,1.39,3.25,MidRange,1.24,2.37,3561.992347
378,16.53,1.45,2.57,MidRange,0.96,1.89,3570.013009
782,16.38,1.86,3.01,MidRange,1.06,1.99,3578.063124
816,19.55,2.13,3.08,LowRange,1.34,1.95,3578.753844
811,16.19,1.84,2.29,MidRange,1.53,1.86,3592.43766
559,16.35,1.59,2.9,MidRange,1.86,2.13,3597.157043
32,16.55,1.63,2.99,MidRange,0.88,1.68,3597.238553
36,16.75,1.81,2.99,MidRange,0.66,1.77,3613.273523
444,17.91,1.73,1.73,MidRange,1.85,2.17,3618.604843
689,16.46,1.39,3.33,MidRange,1.46,2.4,3623.788155
175,17.92,1.94,2.81,LowRange,1.7,2.08,3627.386253
468,16.77,1.25,3.2,MidRange,1.08,2.27,3632.530542
599,17.47,1.6,1.99,MidRange,1.12,1.74,3634.902281
658,17.08,2.09,3.62,LowRange,0.77,2.24,3642.765883
481,17.08,1.42,2.51,LowRange,1.67,2.26,3661.146072
206,16.65,1.74,2.74,MidRange,1.14,1.77,3670.540401
330,16.49,1.47,2.39,MidRange,1.8,2.16,3677.500662
604,16.84,1.63,2.85,MidRange,1.12,1.83,3682.683156
235,16.64,1.61,2.97,MidRange,1.22,2.07,3686.358119
457,16.8,1.22,2.51,MidRange,1.04,1.98,3692.108968
864,17.75,1.54,2.72,MidRange,1.67,2.35,3694.376324
556,17.83,1.77,2.55,LowRange,0.92,1.58,3698.848265
383,18.93,1.88,3.01,LowRange,1.32,2,3702.403565
547,16.89,1.74,2.46,MidRange,1.52,1.96,3705.305968
164,17.73,1.62,2.54,LowRange,1.79,2.09,3711.825183
329,16.87,1.49,2.62,MidRange,1.04,1.89,3714.094273
971,17.44,1.74,3.44,MidRange,1.33,2.38,3742.09038
230,16.89,1.52,2.61,LowRange,1.63,1.96,3746.541679
158,17.2,1.87,2.75,LowRange,1.18,2,3749.779943
734,17.89,1.79,1.92,LowRange,1.93,1.88,3757.18768
85,20.25,2.47,2.51,LowRange,1.04,1.67,3760.126283
116,19.39,1.76,2.73,LowRange,1.44,2.1,3770.340881
180,16.9,1.88,3.19,MidRange,1.24,2.23,3776.938
614,16.89,1.74,2.63,MidRange,2.07,2.55,3781.929486
743,16.89,1.44,2.56,MidRange,1.51,2.1,3783.041918
450,17.24,1.85,2.47,MidRange,0.86,1.45,3789.443633
331,17.4,2.08,2.69,LowRange,1.38,2.32,3791.765964
381,17.78,1.77,2.02,LowRange,2.08,1.71,3794.042248
92,17.04,1.76,3.04,MidRange,0.79,2.08,3820.902194
914,19.54,1.78,3.23,LowRange,0.82,1.8,3838.755438
401,16.97,1.43,2.44,MidRange,1.39,2.17,3839.251307
45,18.12,1.57,2.92,MidRange,1.35,2.24,3841.64321
710,17.12,1.49,2.36,MidRange,1.55,2.13,3864.080623
594,17.54,1.67,3.61,LowRange,0.94,2.23,3871.397747
557,17.42,1.88,2.15,MidRange,0.69,1.33,3876.36811
443,17.39,1.28,2.07,MidRange,1.69,1.93,3891.443389
97,18.03,1.97,2.43,MidRange,1.65,1.67,3903.963034
22,17.05,1.69,3.64,MidRange,1.17,2.34,3907.976463
629,17.06,1.63,2.5,MidRange,1.34,2,3918.258317
605,17.78,1.46,2.87,MidRange,1.45,2.17,3923.901275
956,17.92,1.68,2.3,MidRange,1.33,1.92,3931.429401
571,18.07,1.77,2.27,MidRange,1.56,2.04,3938.857172
521,17.48,1.64,2.49,MidRange,1.29,1.8,3941.711898
879,18.04,1.36,2.47,MidRange,1.15,2.01,3953.126607
813,17.39,1.6,2.55,MidRange,1.87,2.19,3957.762467
851,20.96,2.22,2.45,LowRange,1.53,1.84,3962.921984
229,17.21,1.41,2.05,MidRange,1.88,2.15,3965.301822
425,17.96,1.56,3.17,MidRange,1.51,2.55,3966.636065
101,18.31,2.1,2.82,LowRange,1.72,2.27,3969.947752
301,17.29,1.96,2.85,MidRange,1.39,1.96,3988.667404
539,18.81,1.99,3.48,LowRange,1.67,2.3,3988.848523
754,23.22,1.94,2.17,VeryLowRange,2.01,2.17,3989.813126
256,18.84,2.43,3.28,MidRange,1.51,2.37,4000.196995
315,17.84,1.77,2.69,MidRange,1.48,2.07,4025.243033
355,17.16,1.45,2.3,MidRange,1.31,1.92,4025.599043
931,17.57,1.49,2.3,LowRange,1.46,1.98,4038.091299
665,17.35,1.34,1.48,MidRange,1.1,1.42,4043.841349
279,17.27,1.5,2.59,MidRange,1.51,2.12,4069.598107
745,17.56,1.84,2.48,LowRange,1.54,2.14,4094.78335
451,17.65,1.78,3.8,MidRange,0.8,2.39,4095.363707
528,17.39,1.84,3.07,MidRange,1.04,1.87,4112.405619
616,17.83,1.39,3.01,MidRange,1.15,2.13,4123.613626
431,17.96,1.66,2.71,MidRange,1.52,2.35,4126.923581
643,17.64,1.52,2.76,MidRange,0.88,1.67,4128.84312
876,17.2,1.85,2.26,MidRange,1.47,1.9,4131.95598
756,17.7,1.9,3.24,LowRange,1.56,2.32,4134.852245
309,17.12,1.7,2.55,MidRange,1.67,2.12,4138.096324
511,18.02,1.39,1.76,LowRange,1.23,1.44,4141.686565
994,17.13,1.79,2.88,MidRange,1.77,2.28,4165.407602
106,18.33,2.19,3.16,LowRange,0.86,1.82,4176.786718
854,18.16,1.96,2.12,LowRange,1.97,1.97,4196.893018
185,18.36,1.75,2.18,LowRange,1.82,1.97,4199.645598
353,17.4,1.46,2.58,MidRange,1.51,2.25,4200.647903
360,18.07,2.06,3.19,MidRange,1.22,2.29,4202.396801
996,17.99,2.29,3.38,LowRange,0.98,2.08,4211.527806
915,18.37,1.6,2.45,LowRange,1.4,2.06,4222.117262
166,17.49,1.66,2.78,MidRange,1.42,2.15,4235.93405
497,21.15,1.82,2.27,LowRange,1.8,2.13,4236.373112
959,18.1,2.26,3.34,MidRange,1.02,2.15,4238.076628
294,17.78,1.53,2.48,LowRange,2.32,2.39,4255.810191
860,18.32,1.74,3.1,MidRange,1.3,2.48,4258.855882
690,17.86,1.8,2.78,MidRange,1.3,1.91,4272.150645
942,18.06,2.08,2.6,MidRange,1.64,2.18,4361.597078
895,17.96,1.45,2.87,MidRange,0.92,2.01,4388.297229
531,18.3,1.59,2.2,LowRange,1.37,1.75,4395.55534
940,18.75,1.64,1.45,MidRange,1.37,1.55,4400.552244
912,18.24,1.46,2.85,LowRange,1.39,2.06,4412.783711
160,17.96,1.82,2.4,LowRange,1.71,2.15,4417.313562
550,18.56,1.75,2.72,MidRange,1.54,2.14,4419.337027
3,20.45,2.02,3.13,HighRange,1.79,2.53,4421.221583
849,18.18,1.48,3.27,MidRange,1.24,2.25,4427.294837
263,18.59,1.98,1.91,MidRange,0.92,1.57,4428.59736
558,17.97,1.61,2.31,MidRange,1.73,1.91,4447.098564
919,17.88,1.72,3.2,MidRange,1.23,2.37,4471.658237
407,18.05,1.94,2.57,MidRange,1.17,2.04,4475.020243
333,18.57,1.76,3.1,MidRange,0.91,2.06,4476.516378
820,18.08,1.74,2.38,MidRange,1.26,2.09,4481.149974
42,17.47,1.58,2.84,MidRange,2.13,2.3,4482.698752
452,18.35,1.84,3.27,LowRange,1.29,2.46,4528.883757
349,18.71,2.16,2.72,LowRange,1.5,2.14,4541.778397
686,18.44,2.07,3.03,MidRange,1.1,2.04,4548.340898
978,19.29,1.61,2.82,MidRange,1.23,1.97,4609.512101
564,18.56,1.45,2.63,MidRange,1.71,2.32,4611.965461
992,20.37,1.9,2.37,LowRange,1.4,1.99,4612.097972
862,18.21,1.74,3.34,MidRange,1.12,2.28,4641.893149
583,18.56,1.81,1.88,LowRange,1.21,1.61,4654.684703
514,19.12,2.03,0.96,MidRange,1.58,1.75,4675.107684
952,18.68,1.82,2.5,LowRange,1.66,1.87,4688.543288
844,18.37,1.78,2.56,LowRange,2.07,2.34,4728.563021
771,18.77,1.97,3.24,MidRange,1.85,2.59,4747.826665
696,22.5,2.56,2.62,LowRange,1.5,1.91,4756.782918
719,19.64,1.9,2.36,LowRange,2.56,2.57,4806.867083
639,18.64,1.89,2.04,MidRange,1.88,2.09,4827.214872
486,19.22,2.28,2.35,MidRange,2.21,2.44,4841.552519
516,18.83,1.64,2.34,LowRange,2.12,2.07,4845.699884
848,18.59,1.63,2.91,MidRange,1,1.9,4848.47219
830,18.48,1.78,2.85,MidRange,1.45,2.45,4850.083875
346,21.24,1.79,1.69,LowRange,1.86,1.83,4852.336353
388,18.61,1.79,2.02,MidRange,1.75,1.96,4853.699105
850,18.72,1.75,2.57,LowRange,1.59,1.96,4859.778766
299,18.51,1.65,2.06,MidRange,1.48,1.64,4877.945092
619,18.94,1.74,3.3,MidRange,1.49,2.57,4926.049233
697,20.42,2.02,1.52,LowRange,1.86,1.67,4934.098069
705,19.73,1.85,2.5,LowRange,1.62,1.93,5001.827865
500,18.62,1.69,3.3,MidRange,1.44,2.38,5008.841347
875,18.73,2.01,2.88,MidRange,1.42,2.14,5029.047552
526,19.18,1.75,2.44,MidRange,1.22,2.07,5037.136541
824,18.66,1.68,1.39,MidRange,1.77,1.71,5058.155603
922,18.98,2.28,2.69,MidRange,1.11,1.67,5114.831505
623,19.32,1.84,2.55,MidRange,1.38,2.01,5115.691999
966,19.06,2.25,3.2,MidRange,1.57,2.39,5132.133582
510,18.76,2.26,2.93,MidRange,1.27,2.33,5162.742563
87,20.23,1.68,2.17,MidRange,1.81,2.16,5164.078629
664,18.78,1.79,2.89,MidRange,1.6,2.45,5199.93081
5,19.53,1.83,2.57,LowRange,1.4,2.11,5261.094919
490,19.49,1.76,2.98,MidRange,0.99,1.87,5274.464144
86,18.8,2.31,2.57,MidRange,1.63,2.09,5293.169249
208,19.08,1.84,2.73,MidRange,1.38,2.24,5385.471703
310,18.95,1.64,1.74,MidRange,1.75,1.68,5395.870335
6,19.47,2.04,2.73,MidRange,1.42,2.12,5497.005506
289,19.22,1.48,2.72,MidRange,1.68,2.2,5514.4537
659,19.09,1.92,2.45,MidRange,1.67,2.07,5515.466392
117,19.38,1.67,2.18,MidRange,1.72,2,5726.952322
913,19.86,1.92,2.77,MidRange,1.33,2.08,5730.401418
713,20.15,1.94,3.05,LowRange,1.31,2.39,5861.461184
51,21,1.94,2.32,MidRange,1.14,1.84,5870.549942
777,21.67,1.9,2.55,MidRange,2.01,2.34,5948.440128
908,20.86,1.84,2.53,LowRange,2.08,2.43,5953.509396
611,20.3,2.09,3.27,MidRange,1.34,2.38,5976.74861
897,19.73,2.06,2.63,MidRange,1.59,2.11,6031.878091
170,22.14,2.37,2.21,LowRange,1.88,2.16,6047.418084
377,20.06,1.94,3.44,MidRange,1.2,2.5,6086.016575
115,19.98,2.14,3.09,MidRange,1.84,2.37,6215.259287
627,20.51,2.02,2.96,MidRange,0.99,1.88,6319.437653
225,21.89,1.66,1.86,LowRange,1.69,2.03,6385.367076
416,20.51,2.44,2.4,MidRange,1.01,1.58,6506.601998
409,20.78,2.31,2.52,MidRange,1.05,1.98,6679.678087
135,20.54,2.06,2.8,MidRange,1.71,2.18,6704.042101
999,20.89,2.02,3.23,MidRange,1.71,2.27,6934.576348
508,21.77,2.19,2.4,LowRange,2,2.37,7112.902837
38,20.67,1.95,3.16,MidRange,2.44,2.82,7141.265029
563,20.86,1.94,2.7,MidRange,1.98,2.35,7261.891374
720,21.91,1.98,1.83,MidRange,1.71,1.76,7632.834153
620,21.28,2.54,2.32,MidRange,1.85,2.14,7658.969424
473,21.91,2.58,2.76,MidRange,0.82,2.03,7887.843585
519,21.99,2.1,1.87,MidRange,2.23,2.15,8549.25572
265,21.74,1.89,2.71,MidRange,2.71,2.84,8554.267033
113,23.85,2.57,1.21,VeryLowRange,2.39,1.34,NaN
712,24.65,2.34,1.33,MidRange,2.23,1.78,NaN
